INCLUDE,Country,City,AccentCity,Region,Population,Latitude,Longitude,uuid,notes
t,us,anchorage,Anchorage,AK,276263,61.2180556,-149.9002778,67f21dcfecf311e487d3c8e0eb16059b,only AK
,us,mesa,Mesa,AZ,449878,33.4222222,-111.8219444,67f21f68ecf311e496b1c8e0eb16059b,
t,us,phoenix,Phoenix,AZ,1428509,33.4483333,-112.0733333,67f220faecf311e4b008c8e0eb16059b,
t,us,tucson,Tucson,AZ,518907,32.2216667,-110.9258333,67f22259ecf311e4aae8c8e0eb16059b,
t,us,anaheim,Anaheim,CA,333689,33.8352778,-117.9136111,67f22397ecf311e4af9ac8e0eb16059b,
t,us,bakersfield,Bakersfield,CA,291389,35.3733333,-119.0177778,67f224d7ecf311e4b73fc8e0eb16059b,tbd: LA?
t,us,fresno,Fresno,CA,465183,36.7477778,-119.7713889,67f225dcecf311e49ec6c8e0eb16059b,
t,us,long beach,Long Beach,CA,482618,33.7669444,-118.1883333,67f22707ecf311e48249c8e0eb16059b,Count as LA?
t,us,los angeles,Los Angeles,CA,3877129,34.0522222,-118.2427778,67f22847ecf311e4a264c8e0eb16059b,
,us,oakland,Oakland,CA,394579,37.8044444,-122.2697222,67f2297decf311e486bac8e0eb16059b,Count as SF
,us,riverside,Riverside,CA,297554,33.9533333,-117.3952778,67f22ab3ecf311e4bedcc8e0eb16059b,
t,us,sacramento,Sacramento,CA,467898,38.5816667,-121.4933333,67f22be8ecf311e48233c8e0eb16059b,
t,us,san diego,San Diego,CA,1287050,32.7152778,-117.1563889,67f22d14ecf311e48bcbc8e0eb16059b,
t,us,san francisco,San Francisco,CA,732072,37.775,-122.4183333,67f22e57ecf311e488c0c8e0eb16059b,
,us,san jose,San Jose,CA,897460,37.3394444,-121.8938889,67f22f4fecf311e484b5c8e0eb16059b,Count as SF
,us,santa ana,Santa Ana,CA,343054,33.7455556,-117.8669444,67f230aeecf311e4afeac8e0eb16059b,
t,us,stockton,Stockton,CA,289580,37.9577778,-121.2897222,67f231e3ecf311e48516c8e0eb16059b,
,us,aurora,Aurora,CO,299780,39.7294444,-104.8313889,67f23319ecf311e4a205c8e0eb16059b,
t,us,colorado springs,Colorado Springs,CO,373072,38.8338889,-104.8208333,67f23445ecf311e484b2c8e0eb16059b,
t,us,denver,Denver,CO,555981,39.7391667,-104.9841667,67f2357aecf311e4ac58c8e0eb16059b,
t,us,washington,Washington,DC,552433,38.895,-77.0366667,67f2366becf311e49745c8e0eb16059b,
t,us,jacksonville,Jacksonville,FL,797557,30.3319444,-81.6558333,67f237a3ecf311e4adaac8e0eb16059b,
t,us,miami,Miami,FL,382894,25.7738889,-80.1938889,67f238cfecf311e4b850c8e0eb16059b,
t,us,tampa,Tampa,FL,324465,27.9472222,-82.4586111,67f239f8ecf311e49654c8e0eb16059b,
t,us,atlanta,Atlanta,GA,422908,33.7488889,-84.3880556,67f23b26ecf311e49098c8e0eb16059b,
t,us,honolulu,Honolulu,HI,384241,21.3069444,-157.8583333,67f23c1eecf311e4adf5c8e0eb16059b,
t,us,chicago,Chicago,IL,2841952,41.85,-87.65,67f23d4cecf311e482fbc8e0eb16059b,
t,us,indianapolis,Indianapolis,IN,773283,39.7683333,-86.1580556,67f23e78ecf311e4880bc8e0eb16059b,
t,us,kansas city,Kansas City,KS,442028,39.1141667,-94.6272222,67f23faeecf311e48f9fc8e0eb16059b,
t,us,wichita,Wichita,KS,355244,37.6922222,-97.3372222,67f240a8ecf311e482bfc8e0eb16059b,
t,us,lexington-fayette,Lexington-Fayette,KY,272079,38.0497222,-84.4586111,67f24242ecf311e49687c8e0eb16059b,
t,us,new orleans,New Orleans,LA,459336,29.9544444,-90.075,67f24330ecf311e4bfc2c8e0eb16059b,
t,us,baltimore,Baltimore,MD,610892,39.2902778,-76.6125,67f2442becf311e4840cc8e0eb16059b,
t,us,boston,Boston,MA,571281,42.3583333,-71.0602778,67f24557ecf311e48f1ac8e0eb16059b,
t,us,detroit,Detroit,MI,884941,42.3313889,-83.0458333,67f2468cecf311e48b01c8e0eb16059b,
t,us,minneapolis,Minneapolis,MN,367773,44.98,-93.2636111,67f24780ecf311e4ac4cc8e0eb16059b,
,us,saint paul,Saint Paul,MN,274792,44.9444444,-93.0930556,67f248a8ecf311e49529c8e0eb16059b,
t,us,kansas city,Kansas City,MO,442028,39.0997222,-94.5783333,67f249deecf311e4a2e3c8e0eb16059b,
t,us,saint louis,Saint Louis,MO,320916,38.6272222,-90.1977778,67f24b0aecf311e49b65c8e0eb16059b,
t,us,omaha,Omaha,NE,413487,41.2586111,-95.9375,67f24c38ecf311e4b4e0c8e0eb16059b,
t,us,las vegas,Las Vegas,NV,540111,36.175,-115.1363889,67f24d28ecf311e482e2c8e0eb16059b,
,us,newark,Newark,NJ,280123,40.7355556,-74.1727778,67f24e54ecf311e4b946c8e0eb16059b,
t,us,albuquerque,Albuquerque,NM,487378,35.0844444,-106.6505556,67f24f8aecf311e4adabc8e0eb16059b,
,us,buffalo,Buffalo,NY,279557,42.8863889,-78.8786111,67f250b8ecf311e49f34c8e0eb16059b,
t,us,new york,New York,NY,8107916,40.7141667,-74.0063889,67f2524fecf311e496c6c8e0eb16059b,
t,us,charlotte,Charlotte,NC,598351,35.2269444,-80.8433333,67f25354ecf311e49a41c8e0eb16059b,
t,us,raleigh,Raleigh,NC,338759,35.7719444,-78.6388889,67f25480ecf311e4b750c8e0eb16059b,?maybe
t,us,cincinnati,Cincinnati,OH,306382,39.1619444,-84.4569444,67f255b5ecf311e48612c8e0eb16059b,
t,us,cleveland,Cleveland,OH,449514,41.4994444,-81.6955556,67f256e1ecf311e49182c8e0eb16059b,
t,us,columbus,Columbus,OH,736836,39.9611111,-82.9988889,67f25835ecf311e49a97c8e0eb16059b,
,us,toledo,Toledo,OH,306974,41.6638889,-83.5552778,67f25930ecf311e4a492c8e0eb16059b,
t,us,oklahoma city,Oklahoma City,OK,532950,35.4675,-97.5161111,67f25a59ecf311e494e9c8e0eb16059b,
,us,tulsa,Tulsa,OK,382005,36.1538889,-95.9925,67f25b87ecf311e4bc08c8e0eb16059b,
t,us,portland,Portland,OR,540513,45.5236111,-122.675,67f25cbdecf311e4949ec8e0eb16059b,
t,us,philadelphia,Philadelphia,PA,1453268,39.9522222,-75.1641667,67f25de8ecf311e4a96bc8e0eb16059b,
t,us,pittsburgh,Pittsburgh,PA,319494,40.4405556,-79.9961111,67f25f1eecf311e4adc5c8e0eb16059b,
t,us,san juan,San Juan,PR,418140,18.4683333,-66.1061111,67f2600fecf311e4a61ec8e0eb16059b,
t,us,memphis,Memphis,TN,641608,35.1494444,-90.0488889,67f2613decf311e4b1a2c8e0eb16059b,
t,us,nashville,Nashville,TN,530852,36.1658333,-86.7844444,67f26268ecf311e48504c8e0eb16059b,both nashville and memphis?
,us,arlington,Arlington,TX,367535,32.7355556,-97.1077778,67f2639eecf311e480f1c8e0eb16059b,
t,us,austin,Austin,TX,678368,30.2669444,-97.7427778,67f264caecf311e4b4ebc8e0eb16059b,
,us,corpus christi,Corpus Christi,TX,280382,27.8002778,-97.3961111,67f26600ecf311e4a438c8e0eb16059b,
t,us,dallas,Dallas,TX,1211704,32.7833333,-96.8,67f266f8ecf311e497dac8e0eb16059b,
t,us,el paso,El Paso,TX,597181,31.7586111,-106.4863889,67f26826ecf311e499edc8e0eb16059b,
t,us,fort worth,Fort Worth,TX,618119,32.7252778,-97.3205556,67f26951ecf311e48160c8e0eb16059b,
t,us,houston,Houston,TX,2027712,29.7630556,-95.3630556,67f26a7decf311e4ad75c8e0eb16059b,
,us,plano,Plano,TX,253372,33.0197222,-96.6986111,67f26bc7ecf311e4ae47c8e0eb16059b,
t,us,san antonio,San Antonio,TX,1256810,29.4238889,-98.4933333,67f26cc2ecf311e49cdec8e0eb16059b,
t,us,virginia beach,Virginia Beach,VA,449386,36.8527778,-75.9783333,67f26df8ecf311e4930fc8e0eb16059b,
t,us,seattle,Seattle,WA,569369,47.6063889,-122.3308333,67f26f23ecf311e493c3c8e0eb16059b,
t,us,milwaukee,Milwaukee,WI,579180,43.0388889,-87.9063889,67f27051ecf311e49544c8e0eb16059b,
t,ae,abu dhabi,Abu Dhabi,1,603687,24.466667,54.366667,67f27187ecf311e4a8cac8e0eb16059b,
t,ae,dubai,Dubai,3,1137376,25.258172,55.304717,67f27275ecf311e4a924c8e0eb16059b,
,ae,sharjah,Sharjah,6,543942,25.35731,55.403304,67f273a1ecf311e4aed8c8e0eb16059b,
t,af,kabul,Kabul,13,3043589,34.516667,69.183333,67f274ccecf311e49842c8e0eb16059b,
t,am,yerevan,Yerevan,11,1093499,40.1811111,44.5136111,67f27605ecf311e48ebfc8e0eb16059b,
t,ao,luanda,Luanda,20,2776125,-8.836804,13.233174,67f276fdecf311e4b0d8c8e0eb16059b,
t,ar,cordoba,Cordoba,5,1441007,-31.413496,-64.181052,67f2782becf311e4a357c8e0eb16059b,
,ar,la plata,La Plata,1,684318,-34.921454,-57.954533,67f27957ecf311e494cac8e0eb16059b,
,ar,mar del plata,Mar del Plata,1,645771,-38.002278,-57.557539,67f27a80ecf311e4abe9c8e0eb16059b,
t,ar,mendoza,Mendoza,13,973047,-32.890845,-68.827171,67f27b7aecf311e4a494c8e0eb16059b,
t,ar,rosario,Rosario,21,1218497,-32.946818,-60.639317,67f27ca8ecf311e4bc57c8e0eb16059b,
,ar,salta,Salta,17,548288,-24.785896,-65.411664,67f27dd4ecf311e4929ec8e0eb16059b,
,ar,tucuman,Tucuman,24,828402,-26.824144,-65.2226,67f27f00ecf311e4a5dac8e0eb16059b,
t,at,vienna,Vienna,9,1569315,48.2,16.366667,67f27feeecf311e4972dc8e0eb16059b,
,au,adelaide,Adelaide,5,1074168,-34.928661,138.598633,67f2811cecf311e4af2dc8e0eb16059b,
t,au,brisbane,Brisbane,4,1843459,-27.47101,153.024292,67f2825cecf311e4a33cc8e0eb16059b,
,au,gold coast,Gold Coast,4,501175,-28.00029,153.430878,67f28354ecf311e498d4c8e0eb16059b,
t,au,melbourne,Melbourne,7,3730212,-37.813938,144.963425,67f2848aecf311e4a69dc8e0eb16059b,
t,au,perth,Perth,8,1446715,-31.95224,115.861397,67f2861cecf311e4956cc8e0eb16059b,
t,au,sydney,Sydney,2,4394585,-33.861481,151.205475,67f28751ecf311e4b4abc8e0eb16059b,
t,az,baku,Baku,9,1116513,40.395278,49.882222,67f2884cecf311e4959ec8e0eb16059b,
t,ba,sarajevo,Sarajevo,1,696726,43.85,18.3833333,67f28982ecf311e485e3c8e0eb16059b,
t,bd,dhaka,Dhaka,81,6493177,23.7230556,90.4086111,67f28aaeecf311e4908dc8e0eb16059b,
,bd,khulna,Khulna,82,1342429,22.8,89.55,67f28b9eecf311e48890c8e0eb16059b,
,bd,rajshahi,Rajshahi,81,700206,24.3666667,88.6,67f28cd4ecf311e491fdc8e0eb16059b,
t,be,brussels,Brussels,11,1019022,50.833333,4.333333,67f28e00ecf311e4afa7c8e0eb16059b,
t,bf,ouagadougou,Ouagadougou,53,1031330,12.3702778,-1.5247222,67f28f2becf311e4a432c8e0eb16059b,
t,bg,sofia,Sofia,42,1062065,42.6833333,23.3166667,67f29026ecf311e498ecc8e0eb16059b,
t,bj,cotonou,Cotonou,14,690584,6.35,2.4333333,67f29147ecf311e484e1c8e0eb16059b,
,bo,cochabamba,Cochabamba,2,900440,-17.3833333,-66.15,67f2927decf311e4b957c8e0eb16059b,
t,bo,la paz,La Paz,4,812819,-16.5,-68.15,67f2936eecf311e4b641c8e0eb16059b,
t,br,belem,Belém,16,1407737,-1.45,-48.483333,67f294fdecf311e4b82fc8e0eb16059b,??? (incl sao luis)
t,br,belo horizonte,Belo Horizonte,15,2373255,-19.916667,-43.933333,67f2963decf311e4a480c8e0eb16059b,
t,br,brasilia,Brasília,7,2207812,-15.783333,-47.916667,67f29768ecf311e4803fc8e0eb16059b,
,br,campinas,Campinas,27,1031573,-22.9,-47.083333,67f298b5ecf311e482b3c8e0eb16059b,
,br,campo grande,Campo Grande,11,729164,-20.45,-54.616667,67f299f3ecf311e4b757c8e0eb16059b,
,br,contagem,Contagem,15,627132,-19.916667,-44.1,67f29ae3ecf311e4ab1fc8e0eb16059b,
,br,cuiaba,Cuiabá,14,521961,-15.583333,-56.083333,67f29c0fecf311e4a1c6c8e0eb16059b,
t,br,curitiba,Curitiba,18,1718433,-25.416667,-49.25,67f29d3aecf311e4b224c8e0eb16059b,
,br,duque de caxias,Duque de Caxias,21,818339,-22.790321,-43.325009,67f29ed4ecf311e48d97c8e0eb16059b,
t,br,fortaleza,Fortaleza,6,2416920,-3.316667,-41.416667,67f29fcfecf311e49c82c8e0eb16059b,
t,br,goiania,Goiânia,29,1171209,-16.666667,-49.266667,67f2a0f3ecf311e4a729c8e0eb16059b,Count as Sao Paulo
t,br,guarulhos,Guarulhos,27,1169601,-23.45068,-46.526175,67f2a21cecf311e497d4c8e0eb16059b,
,br,jaboatao,Jaboatão,30,702632,-8.116667,-35.016667,67f2a340ecf311e489d3c8e0eb16059b,
,br,joao pessoa,João Pessoa,17,650896,-7.116667,-34.866667,67f2a463ecf311e4a795c8e0eb16059b,
,br,maceio,Maceió,2,955010,-9.666667,-35.716667,67f2a58fecf311e48a7ac8e0eb16059b,
t,br,manaus,Manaus,4,1598227,-3.113333,-60.025278,67f2a67decf311e4b189c8e0eb16059b,
,br,natal,Natal,22,763057,-5.783333,-35.216667,67f2a805ecf311e48aacc8e0eb16059b,
t,br,nova iguacu,Nova Iguaçu,21,1002129,-22.759188,-43.431887,67f2a93aecf311e48fafc8e0eb16059b,
,br,osasco,Osasco,27,677869,-23.566667,-46.783333,67f2ac4fecf311e48c5ec8e0eb16059b,
t,br,porto alegre,Porto Alegre,23,1372763,-30.033333,-51.2,67f2ae61ecf311e480e2c8e0eb16059b,
t,br,recife,Recife,30,1478118,-8.05,-34.9,67f2b0baecf311e48335c8e0eb16059b,
,br,ribeirao preto,Ribeirão Prêto,27,551278,-21.166667,-47.8,67f2b2b8ecf311e4bb9ac8e0eb16059b,
t,br,rio de janeiro,Rio de Janeiro,21,6023742,-22.9,-43.233333,67f2b45cecf311e49799c8e0eb16059b,
t,br,salvador,Salvador,5,2711903,-12.983333,-38.516667,67f2b5f5ecf311e4a267c8e0eb16059b,
,br,santo andre,Santo André,27,662387,-23.666667,-46.516667,67f2b735ecf311e499c1c8e0eb16059b,
,br,sao bernardo do campo,São Bernardo do Campo,27,743386,-23.7,-46.55,67f2b8c5ecf311e494f7c8e0eb16059b,
,br,sao goncalo,São Gonçalo,21,939101,-22.800278,-43.025556,67f2ba57ecf311e4a677c8e0eb16059b,
,br,sao jose dos campos,São José dos Campos,27,613776,-23.183333,-45.883333,67f2bbe6ecf311e49925c8e0eb16059b,
,br,sao luis,São Luís,13,917252,-2.516667,-44.266667,67f2bd6becf311e481cfc8e0eb16059b,
t,br,sao paulo,São Paulo,27,10021437,-23.473293,-46.665803,67f2befaecf311e4bf02c8e0eb16059b,
,br,sorocaba,Sorocaba,27,558874,-23.483333,-47.45,67f2c08cecf311e4bcb2c8e0eb16059b,
,br,teresina,Teresina,20,744526,-5.083333,-42.816667,67f2c1c2ecf311e48de5c8e0eb16059b,
,br,uberlandia,Uberlândia,15,563545,-18.916667,-48.3,67f2c351ecf311e49a21c8e0eb16059b,
t,by,minsk,Minsk,4,1742123,53.9,27.5666667,67f2c59eecf311e49e2bc8e0eb16059b,
t,ca,calgary,Calgary,1,968475,51.083333,-114.083333,67f2c73aecf311e4aceec8e0eb16059b,
t,ca,edmonton,Edmonton,1,822319,53.55,-113.5,67f2c882ecf311e4b44bc8e0eb16059b,
,ca,hamilton,Hamilton,8,653637,43.25,-79.833333,67f2ca00ecf311e4b3e0c8e0eb16059b,
t,ca,montreal,Montreal,10,3268513,45.5,-73.583333,67f2cb91ecf311e4a462c8e0eb16059b,
t,ca,ottawa,Ottawa,8,874433,45.416667,-75.7,67f2ccc7ecf311e49bd8c8e0eb16059b,
t,ca,quebec,Quebec,10,645623,46.8,-71.25,67f2ce7decf311e4849ac8e0eb16059b,
t,ca,toronto,Toronto,8,4612187,43.666667,-79.416667,67f2d00fecf311e4aa8cc8e0eb16059b,
t,ca,vancouver,Vancouver,2,1837970,49.25,-123.133333,67f2d145ecf311e4b6bdc8e0eb16059b,
t,ca,winnipeg,Winnipeg,3,632069,49.883333,-97.166667,67f2d2caecf311e49f05c8e0eb16059b,
t,cd,kinshasa,Kinshasa,6,7787832,-4.3,15.3,67f2d44fecf311e49e43c8e0eb16059b,
,cd,kisangani,Kisangani,9,539164,0.516667,25.2,67f2d58fecf311e4bac1c8e0eb16059b,
,cd,lubumbashi,Lubumbashi,5,1374808,-11.666667,27.466667,67f2d717ecf311e4bbc9c8e0eb16059b,
,cd,mbuji-mayi,Mbuji-Mayi,4,874974,-6.15,23.6,67f2d899ecf311e4acb0c8e0eb16059b,
t,cf,bangui,Bangui,18,684190,4.3666667,18.5833333,67f2d9d1ecf311e4a3a7c8e0eb16059b,
t,cg,brazzaville,Brazzaville,12,1115773,-4.2591667,15.2847222,67f2db57ecf311e49873c8e0eb16059b,
t,ci,abidjan,Abidjan,82,3692570,5.309657,-4.012656,67f2dce8ecf311e4a69cc8e0eb16059b,
,ci,bouake,Bouaké,90,572149,7.693846,-5.030307,67f2de6eecf311e490f1c8e0eb16059b,
t,cl,santiago,Santiago,12,4837248,-33.45,-70.666667,67f2dfaeecf311e484d2c8e0eb16059b,
t,cm,douala,Douala,5,1338144,4.0502778,9.7,67f2e133ecf311e489edc8e0eb16059b,
,cm,yaounde,Yaoundé,11,1299446,3.8666667,11.5166667,67f2e2baecf311e488c8c8e0eb16059b,
,cn,anshan,Anshan,19,1199275,41.123611,122.99,67f2e3faecf311e48ba7c8e0eb16059b,
,cn,anyang,Anyang,9,781129,36.099444,114.328889,67f2e580ecf311e4a251c8e0eb16059b,
,cn,baoding,Baoding,10,995652,38.851111,115.490278,67f2e705ecf311e4b71cc8e0eb16059b,
,cn,bengbu,Bengbu,1,576648,32.940833,117.360833,67f2e88cecf311e4821dc8e0eb16059b,
,cn,benxi,Benxi,19,987717,41.288611,123.765,67f2e9ccecf311e4b634c8e0eb16059b,
,cn,cangzhou,Cangzhou,10,527681,38.316667,116.866667,67f2eb47ecf311e4a622c8e0eb16059b,
t,cn,changchun,Changchun,5,2537421,43.88,125.322778,67f2ecf5ecf311e4becec8e0eb16059b,
,cn,changde,Changde,11,517780,29.046378,111.678304,67f2ee35ecf311e48a19c8e0eb16059b,
,cn,changzhou,Changzhou,4,949018,31.783333,119.966667,67f2efbdecf311e48677c8e0eb16059b,
t,cn,chengdu,Chengdu,32,3950437,30.666667,104.066667,67f2f142ecf311e486dac8e0eb16059b,
t,cn,chongqing,Chongqing,33,3967028,29.562778,106.552778,67f2f2c7ecf311e4866fc8e0eb16059b,T1
t,cn,dalian,Dalian,19,2035307,38.912222,121.602222,67f2f407ecf311e49e49c8e0eb16059b,
,cn,dandong,Dandong,19,631973,40.129167,124.394722,67f2f582ecf311e497f0c8e0eb16059b,
,cn,datong,Datong,24,1052678,40.093611,113.291389,67f2f70aecf311e4b3acc8e0eb16059b,
,cn,foshan,Foshan,30,627348,23.026771,113.131483,67f2f88fecf311e48853c8e0eb16059b,
t,cn,fushun,Fushun,19,1400646,41.7,123.883333,67f2f9c5ecf311e4a557c8e0eb16059b,
,cn,fuxin,Fuxin,19,689050,42.015556,121.658889,67f2fb4cecf311e4b3edc8e0eb16059b,
,cn,fuzhou,Fuzhou,7,1179720,26.061389,119.306111,67f2fcd1ecf311e48de7c8e0eb16059b,
t,cn,guangzhou,Guangzhou,30,3152825,23.116667,113.25,67f2fe07ecf311e4a0abc8e0eb16059b,
,cn,guilin,Guilin,16,649352,25.281944,110.286389,67f2ff8cecf311e4937bc8e0eb16059b,
,cn,guiyang,Guiyang,18,1171633,26.583333,106.716667,67f30114ecf311e4a186c8e0eb16059b,
,cn,haikou,Haikou,31,615835,20.045833,110.341667,67f30254ecf311e488c7c8e0eb16059b,
,cn,handan,Handan,10,1358318,36.566667,114.533333,67f303cfecf311e4ae7ac8e0eb16059b,
t,cn,hangzhou,Hangzhou,2,1878129,30.29365,120.161419,67f3054cecf311e4a97fc8e0eb16059b,
t,cn,harbin,Harbin,8,3229883,45.75,126.65,67f306d1ecf311e4b36fc8e0eb16059b,
,cn,hefei,Hefei,1,1388904,31.863889,117.280833,67f30811ecf311e4a333c8e0eb16059b,
,cn,hegang,Hegang,8,743307,47.4,130.366667,67f309aeecf311e49a10c8e0eb16059b,
,cn,hengyang,Hengyang,11,759602,26.888056,112.615,67f30b3aecf311e490c2c8e0eb16059b,
,cn,hohhot,Hohhot,20,774477,40.810556,111.652222,67f30cfdecf311e49cb1c8e0eb16059b,
,cn,huaibei,Huaibei,1,903039,33.974444,116.791667,67f30f05ecf311e48766c8e0eb16059b,
,cn,huainan,Huainan,1,1027655,32.626389,116.996944,67f31097ecf311e4a640c8e0eb16059b,
,cn,huaiyin,Huaiyin,4,555230,33.588611,119.019167,67f311d4ecf311e49d30c8e0eb16059b,
,cn,jiamusi,Jiamusi,8,549549,46.833333,130.35,67f31351ecf311e4badac8e0eb16059b,
,cn,jiangmen,Jiangmen,30,532419,22.583333,113.083333,67f314d7ecf311e4b2d3c8e0eb16059b,
,cn,jiaozuo,Jiaozuo,9,517540,35.239722,113.233056,67f31617ecf311e498eac8e0eb16059b,
t,cn,jilin,Jilin,5,1881977,43.850833,126.560278,67f31794ecf311e4936dc8e0eb16059b,
t,cn,jinan,Jinan,25,2069266,36.668333,116.997222,67f31923ecf311e49d4dc8e0eb16059b,
,cn,jinzhou,Jinzhou,19,604269,41.107778,121.141667,67f31aa8ecf311e48606c8e0eb16059b,
,cn,kaifeng,Kaifeng,9,576915,34.744167,114.418611,67f31be8ecf311e4a72bc8e0eb16059b,
,cn,kunming,Kunming,29,1023674,25.038889,102.718333,67f31d70ecf311e4a995c8e0eb16059b,
,cn,langfang,Langfang,10,720119,39.509722,116.694722,67f31eebecf311e4a4d0c8e0eb16059b,
t,cn,lanzhou,Lanzhou,15,1417742,36.056389,103.792222,67f32073ecf311e4bad7c8e0eb16059b,
,cn,liaoyang,Liaoyang,19,687890,41.226111,123.056111,67f321b3ecf311e4a428c8e0eb16059b,
,cn,liuzhou,Liuzhou,16,763168,24.312582,109.389157,67f3232eecf311e4b7e9c8e0eb16059b,
,cn,luancheng,Luancheng,10,597130,37.879167,114.651667,67f324b3ecf311e4909dc8e0eb16059b,
,cn,luoyang,Luoyang,9,1390581,34.683611,112.453611,67f325e8ecf311e4a7c2c8e0eb16059b,
,cn,maanshan,Maanshan,1,540198,31.695678,118.498248,67f327a3ecf311e4aa3ec8e0eb16059b,
,cn,mudanjiang,Mudanjiang,8,665915,44.583333,129.6,67f32930ecf311e4b0e3c8e0eb16059b,
t,cn,nanchang,Nanchang,3,1871351,28.55,115.933333,67f32aaeecf311e49935c8e0eb16059b,
t,cn,nanjing,Nanjing,4,3087010,32.061667,118.777778,67f32beeecf311e4b551c8e0eb16059b,
,cn,nanning,Nanning,16,803788,22.816667,108.316667,67f32d68ecf311e4b91fc8e0eb16059b,
,cn,nantong,Nantong,4,666251,32.030278,120.874722,67f32efaecf311e49e69c8e0eb16059b,
,cn,neijiang,Neijiang,32,546854,29.583536,105.06216,67f33080ecf311e4b379c8e0eb16059b,
,cn,ningbo,Ningbo,2,719867,29.878186,121.549453,67f331b5ecf311e48090c8e0eb16059b,
t,cn,peking,Peking,22,7480601,39.928889,116.388333,67f3333aecf311e489bec8e0eb16059b,T1 - Beijing?
,cn,pingdingshan,Pingdingshan,9,889675,33.738472,113.301194,67f334ccecf311e4b158c8e0eb16059b,
,cn,puyang,Puyang,9,666322,35.702778,115.005278,67f33651ecf311e4abe0c8e0eb16059b,
t,cn,qingdao,Qingdao,25,1642245,36.098611,120.371944,67f33787ecf311e48a9dc8e0eb16059b,
,cn,qinhuangdao,Qinhuangdao,10,759718,39.931667,119.588333,67f3390cecf311e48df0c8e0eb16059b,
,cn,qiqihar,Qiqihar,8,882364,47.340833,123.967222,67f33a94ecf311e494cac8e0eb16059b,
,cn,rongcheng,Rongcheng,30,1001985,23.528858,116.364159,67f33c19ecf311e4bab5c8e0eb16059b,
t,cn,shanghai,Shanghai,23,14608512,31.045556,121.399722,67f33da1ecf311e49811c8e0eb16059b,T1
,cn,shaoguan,Shaoguan,30,628749,24.8,113.583333,67f33edeecf311e498b3c8e0eb16059b,
,cn,shaoyang,Shaoyang,11,649452,26.965893,111.241376,67f3405cecf311e49e8ac8e0eb16059b,
t,cn,shenyang,Shenyang,19,3512192,41.792222,123.432778,67f3420aecf311e4a27dc8e0eb16059b,
,cn,shenzhen,Shenzhen,30,1002592,22.533333,114.133333,67f3438fecf311e49f73c8e0eb16059b,
,cn,shihezi,Shihezi,13,572772,44.3,86.033333,67f344d1ecf311e48821c8e0eb16059b,
,cn,suzhou,Suzhou,4,1343091,31.311389,120.618056,67f3464cecf311e49e80c8e0eb16059b,
,cn,taian,Taian,25,750340,36.185278,117.12,67f3478aecf311e48bd6c8e0eb16059b,
t,cn,taiyuan,Taiyuan,24,2722475,37.726944,112.470833,67f34911ecf311e491b4c8e0eb16059b,
,cn,taizhou,Taizhou,4,612356,32.493333,119.910627,67f34a97ecf311e4ae07c8e0eb16059b,
,cn,tanggu,Tanggu,28,535298,39.021111,117.646944,67f34c1eecf311e497ecc8e0eb16059b,
t,cn,tangshan,Tangshan,10,2054526,37.3325,114.701389,67f34d54ecf311e49471c8e0eb16059b,
t,cn,tianjin,Tianjin,28,3766207,39.142222,117.176667,67f34ee3ecf311e4aa2bc8e0eb16059b,T1
t,cn,urumqi,Ürümqi,13,1508225,43.800965,87.600459,67f35068ecf311e49ef7c8e0eb16059b,
,cn,wenzhou,Wenzhou,2,865672,27.999416,120.66682,67f351f0ecf311e4adfcc8e0eb16059b,
t,cn,wuhan,Wuhan,12,4184206,30.580125,114.273405,67f353a8ecf311e4ae7bc8e0eb16059b,
,cn,wuhu,Wuhu,1,507524,31.14607,118.57069,67f35568ecf311e4abfcc8e0eb16059b,
,cn,wuxi,Wuxi,4,1108647,31.568873,120.288573,67f35702ecf311e4b4dcc8e0eb16059b,
,cn,xiamen,Xiamen,7,578337,24.479794,118.081869,67f35842ecf311e49dd0c8e0eb16059b,
t,cn,xian,Xian,26,3953191,34.258333,108.928611,67f359c0ecf311e4b4e7c8e0eb16059b,
,cn,xianyang,Xianyang,26,1034081,34.33778,108.70261,67f35b45ecf311e4bbcac8e0eb16059b,
,cn,xingtai,Xingtai,10,611739,37.063056,114.494167,67f35c8fecf311e498bbc8e0eb16059b,
,cn,xining,Xining,6,767531,36.616667,101.766667,67f35e70ecf311e4b625c8e0eb16059b,
,cn,xinxiang,Xinxiang,9,743601,35.308889,113.867222,67f360c0ecf311e49594c8e0eb16059b,
t,cn,xinyang,Xinyang,9,1590668,32.095833,114.120278,67f36207ecf311e4aeb1c8e0eb16059b,
,cn,xuzhou,Xuzhou,4,1199193,34.180454,117.15707,67f363deecf311e4bb7bc8e0eb16059b,
,cn,yancheng,Yancheng,4,628441,33.385556,120.125278,67f36533ecf311e4b158c8e0eb16059b,
,cn,yangzhou,Yangzhou,4,539715,32.397222,119.435833,67f36870ecf311e4b743c8e0eb16059b,
,cn,yantai,Yantai,25,719332,37.533333,121.4,67f36a00ecf311e48bb9c8e0eb16059b,
,cn,yingkou,Yingkou,19,591159,40.637318,122.502508,67f36cb0ecf311e480a5c8e0eb16059b,
,cn,yueyang,Yueyang,11,528140,29.140833,113.111111,67f36fa1ecf311e4a1fac8e0eb16059b,
,cn,zhangdian,Zhangdian,25,669770,36.790556,118.063333,67f37126ecf311e4af57c8e0eb16059b,
,cn,zhangjiakou,Zhangjiakou,10,692602,40.81,114.879444,67f37387ecf311e49c3ec8e0eb16059b,
,cn,zhangzhou,Zhangzhou,7,589831,24.513333,117.655556,67f374f0ecf311e49f27c8e0eb16059b,
,cn,zhanjiang,Zhanjiang,30,637790,21.281452,110.342713,67f37657ecf311e483eac8e0eb16059b,
,cn,zhenjiang,Zhenjiang,4,632552,32.209167,119.434167,67f37947ecf311e4a2c3c8e0eb16059b,
,cn,zhuhai,Zhuhai,30,501199,22.276944,113.567778,67f37acaecf311e4b9ccc8e0eb16059b,
,cn,zhuzhou,Zhuzhou,11,709358,27.691868,113.152137,67f37c7aecf311e49b66c8e0eb16059b,
,cn,zigong,Zigong,32,689961,29.341622,104.776887,67f37ee6ecf311e49d5bc8e0eb16059b,
,co,barranquilla,Barranquilla,4,1380437,10.963889,-74.796389,67f38059ecf311e49e79c8e0eb16059b,
t,co,bogota,Bogotá,34,7102602,4.649178,-74.062827,67f381f3ecf311e4b4fcc8e0eb16059b,
,co,bucaramanga,Bucaramanga,26,571827,7.125393,-73.119804,67f38440ecf311e48fe9c8e0eb16059b,
t,co,cali,Cali,29,2392897,3.437222,-76.5225,67f385b0ecf311e4a835c8e0eb16059b,
t,co,cartagena,Cartagena,35,952036,10.399722,-75.514444,67f3874aecf311e480c2c8e0eb16059b,
,co,cucuta,Cúcuta,21,721406,7.893907,-72.507821,67f38985ecf311e48180c8e0eb16059b,
t,co,medellin,Medellín,2,2000001,6.25184,-75.563591,67f38ae3ecf311e4a620c8e0eb16059b,
t,cu,santiago de cuba,Santiago de Cuba,15,555878,20.0247222,-75.8219444,67f38d78ecf311e4beccc8e0eb16059b,
t,cz,prague,Prague,52,1154508,50.083333,14.466667,67f38fcfecf311e48712c8e0eb16059b,
t,de,berlin,Berlin,16,3398362,52.516667,13.4,67f3921eecf311e4b247c8e0eb16059b,
,de,bremen,Bremen,3,546429,53.083333,8.8,67f39475ecf311e48b4cc8e0eb16059b,
t,de,cologne,Cologne,7,968823,50.933333,6.95,67f3969cecf311e49941c8e0eb16059b,
,de,dortmund,Dortmund,7,594255,51.516667,7.45,67f3988fecf311e4afe8c8e0eb16059b,
,de,duisburg,Duisburg,7,505271,51.433333,6.75,67f39a33ecf311e489cfc8e0eb16059b,
t,de,dusseldorf,Düsseldorf,7,577139,51.216667,6.766667,67f39c4fecf311e4a6bec8e0eb16059b,
,de,essen,Essen,7,576914,51.45,7.016667,67f39d7decf311e4aff8c8e0eb16059b,
t,de,frankfurt,Frankfurt,5,648034,50.116667,8.683333,67f39edcecf311e48d73c8e0eb16059b,
t,de,hamburg,Hamburg,4,1733846,53.55,10,67f3a1faecf311e49827c8e0eb16059b,
,de,hanover,Hanover,6,519144,52.366667,9.716667,67f3a361ecf311e4a75bc8e0eb16059b,
t,de,munich,Munich,2,1246133,48.15,11.5833,67f3a580ecf311e487d4c8e0eb16059b,
t,de,stuttgart,Stuttgart,1,591688,48.766667,9.183333,67f3a6f0ecf311e4ac4fc8e0eb16059b,
t,dj,jibuti,Jibuti,3,623891,11.595,43.1480556,67f3a830ecf311e4990ec8e0eb16059b,
t,dk,copenhagen,Copenhagen,17,1089958,55.666667,12.583333,67f3acebecf311e4b044c8e0eb16059b,
,do,santiago,Santiago,25,555911,19.45,-70.7,67f3aeabecf311e484b7c8e0eb16059b,
t,do,santo domingo,Santo Domingo,5,2202016,18.4666667,-69.9,67f3b04fecf311e4b062c8e0eb16059b,
t,dz,algiers,Algiers,1,1980242,36.7630556,3.0505556,67f3b294ecf311e49749c8e0eb16059b,
,dz,wahran,Wahran,9,646025,35.6911111,-0.6416667,67f3b438ecf311e4ad76c8e0eb16059b,
t,ec,guayaquil,Guayaquil,10,1952029,-2.1666667,-79.9,67f3b5c7ecf311e4a357c8e0eb16059b,
t,ec,quito,Quito,18,1399814,-0.2166667,-78.5,67f3b780ecf311e4afa5c8e0eb16059b,
t,eg,alexandria,Alexandria,6,3811512,31.1980556,29.9191667,67f3b8deecf311e49e2fc8e0eb16059b,
t,eg,cairo,Cairo,11,7734602,30.05,31.25,67f3ba78ecf311e4a825c8e0eb16059b,
,eg,gizeh,Gizeh,8,2443490,30.0086111,31.2122222,67f3bc57ecf311e4b6b1c8e0eb16059b,
,eg,port said,Port Said,19,538377,31.2666667,32.3,67f3bddeecf311e4bef8c8e0eb16059b,
t,er,asmara,Asmara,0,563948,15.3333333,38.9333333,67f3c017ecf311e4aac2c8e0eb16059b,
t,es,barcelona,Barcelona,56,1570378,41.398371,2.1741,67f3c46eecf311e48767c8e0eb16059b,
t,es,madrid,Madrid,29,3102644,40.408566,-3.69222,67f3c93aecf311e48895c8e0eb16059b,
,es,malaga,Málaga,51,557875,36.726666,-4.434802,67f3ccf3ecf311e48d71c8e0eb16059b,
,es,sevilla,Sevilla,51,686647,37.382408,-5.976133,67f3ce59ecf311e491e2c8e0eb16059b,
t,es,valencia,Valencia,60,769897,39.466667,-0.366667,67f3cf68ecf311e4a49fc8e0eb16059b,
t,es,zaragoza,Zaragoza,52,635509,41.64531,-0.884861,67f3d0bdecf311e48613c8e0eb16059b,
t,et,addis abeba,Addis Abeba,44,2757807,9.024325,38.749226,67f3d20fecf311e4a8d2c8e0eb16059b,
t,fi,helsinki,Helsinki,13,558457,60.175556,24.934167,67f3d359ecf311e4ae8ec8e0eb16059b,
t,fr,marseille,Marseille,B8,792823,43.285413,5.37606,67f3d468ecf311e497d2c8e0eb16059b,
t,fr,paris,Paris,A8,2110694,48.866667,2.333333,67f3d5b0ecf311e4a324c8e0eb16059b,
t,ga,libreville,Libreville,1,578156,0.3833333,9.45,67f3d738ecf311e4bc3dc8e0eb16059b,
t,gb,belfast,Belfast,R3,585994,54.583333,-5.933333,67f3d897ecf311e4ac92c8e0eb16059b,
t,gb,birmingham,Birmingham,A7,984336,52.466667,-1.916667,67f3d9a3ecf311e48481c8e0eb16059b,
t,gb,glasgow,Glasgow,V2,610271,55.833333,-4.25,67f3daeeecf311e4b34bc8e0eb16059b,
t,gb,london,London,H9,7421228,51.514125,-0.093689,67f3dc42ecf311e4b9c1c8e0eb16059b,
t,ge,tbilisi,Tbilisi,19,1049516,41.725,44.7908333,67f3dd45ecf311e4ac91c8e0eb16059b,
t,gh,accra,Accra,1,1963460,5.55,-0.2166667,67f3de8fecf311e4b095c8e0eb16059b,
,gh,kumasi,Kumasi,2,1468797,6.6833333,-1.6166667,67f3e03decf311e4b2eec8e0eb16059b,
t,gn,conakry,Conakry,4,1871185,9.5091667,-13.7122222,67f3e19cecf311e4b330c8e0eb16059b,
t,gr,athens,Athens,35,729139,37.9833333,23.7333333,67f3e2abecf311e48365c8e0eb16059b,
t,gt,guatemala city,Guatemala City,7,973208,14.621111,-90.526944,67f3e3f3ecf311e49289c8e0eb16059b,
,gt,guatemala,Guatemala,7,973208,14.621111,-90.526944,67f3e53decf311e4adb7c8e0eb16059b,
t,hn,tegucigalpa,Tegucigalpa,8,850961,14.1,-87.2166667,67f3e69cecf311e4ad9dc8e0eb16059b,
t,hr,zagreb,Zagreb,21,698967,45.8,16,67f3e7abecf311e4a02ec8e0eb16059b,
t,ht,port-au-prince,Port-au-Prince,11,1234750,18.5391667,-72.335,67f3e8f3ecf311e4925fc8e0eb16059b,
t,hu,budapest,Budapest,5,1708088,47.5,19.083333,67f3ea40ecf311e49851c8e0eb16059b,
t,id,bandung,Bandung,30,1699822,-6.903889,107.618611,67f3eb87ecf311e4b2a3c8e0eb16059b,
,id,banjarmasin,Banjarmasin,12,572910,-3.333333,114.583333,67f3ec94ecf311e48247c8e0eb16059b,
,id,bekasi,Bekasi,30,1520204,-6.2349,106.9896,67f3ede1ecf311e49f57c8e0eb16059b,
,id,bogor,Bogor,30,769328,-6.594444,106.789167,67f3ef47ecf311e48143c8e0eb16059b,
,id,depok,Depok,30,1198195,-6.343333,106.498889,67f3f057ecf311e4b3f8c8e0eb16059b,
t,id,jakarta,Jakarta,4,8540306,-6.174444,106.829444,67f3f19eecf311e49135c8e0eb16059b,
t,id,makasar,Makasar,38,1321832,-5.14,119.4221,67f3f2ebecf311e4b9bbc8e0eb16059b,
,id,malang,Malang,8,746780,-7.9797,112.6304,67f3f3eeecf311e4b51ec8e0eb16059b,
t,id,medan,Medan,26,1751190,3.583333,98.666667,67f3f538ecf311e49c94c8e0eb16059b,
,id,padang,Padang,24,840458,-0.953154,100.367659,67f3f682ecf311e4be02c8e0eb16059b,
,id,palembang,Palembang,32,1241334,-2.916667,104.75,67f3f7ccecf311e4b488c8e0eb16059b,
,id,semarang,Semarang,7,1288221,-6.9932,110.4203,67f3f8cfecf311e49fd1c8e0eb16059b,
t,id,surabaya,Surabaya,8,2374920,-7.249167,112.750833,67f3fa19ecf311e4a057c8e0eb16059b,
,id,surakarta,Surakarta,7,555368,-7.556111,110.831667,67f3fc2becf311e49e7cc8e0eb16059b,
,id,tangerang,Tangerang,30,1372185,-6.178056,106.63,67f3fd8aecf311e4b443c8e0eb16059b,
,id,yogyakarta,Yogyakarta,10,636711,-7.782778,110.360833,67f3fe99ecf311e4b7bbc8e0eb16059b,
t,ie,dublin,Dublin,7,1024027,53.3330556,-6.2488889,67f4003aecf311e4b414c8e0eb16059b,
t,il,jerusalem,Jerusalem,6,714685,31.78,35.23,67f40168ecf311e4a556c8e0eb16059b,
,in,agra,Agra,36,1430194,27.183333,78.016667,67f40263ecf311e49966c8e0eb16059b,
t,in,ahmadabad,Ahmadabad,9,3719933,23.033333,72.616667,67f4038cecf311e48035c8e0eb16059b,
,in,ajmer,Ajmer,24,517947,26.45,74.633333,67f404b8ecf311e4b142c8e0eb16059b,
,in,aligarh,Aligarh,36,753280,27.883333,78.083333,67f405b3ecf311e4a913c8e0eb16059b,
,in,allahabad,Allahabad,36,1073544,25.45,81.85,67f406deecf311e4987ac8e0eb16059b,
,in,amravati,Amravati,16,603885,20.933333,77.75,67f4080cecf311e4afbfc8e0eb16059b,
,in,amritsar,Amritsar,23,1092528,31.633056,74.865556,67f40954ecf311e4a00bc8e0eb16059b,
,in,asansol,Asansol,28,504320,23.683333,86.983333,67f40a45ecf311e4b285c8e0eb16059b,
,in,aurangabad,Aurangabad,16,1016520,19.883333,75.333333,67f40b73ecf311e48b6cc8e0eb16059b,
t,in,bangalore,Bangalore,19,4931603,12.983333,77.583333,67f40c9eecf311e485d5c8e0eb16059b,
,in,bareli,Bareli,36,745509,28.35,79.416667,67f40d97ecf311e4baf7c8e0eb16059b,
,in,bhavnagar,Bhavnagar,9,555014,21.766667,72.15,67f40ec2ecf311e48b59c8e0eb16059b,
,in,bhilai,Bhilai,37,625203,21.216667,81.433333,67f40ff0ecf311e48fd3c8e0eb16059b,
,in,bhiwandi,Bhiwandi,16,707090,19.3,73.066667,67f410e1ecf311e4b145c8e0eb16059b,
t,in,bhopal,Bhopal,35,1600080,23.266667,77.4,67f4120cecf311e4bce6c8e0eb16059b,
,in,bhubaneswar,Bhubaneswar,21,762307,20.233333,85.833333,67f41335ecf311e4ad96c8e0eb16059b,
,in,bikaner,Bikaner,24,576056,28.016667,73.3,67f41463ecf311e49742c8e0eb16059b,
t,in,bombay,Bombay,16,12692717,18.975,72.825833,67f41554ecf311e48e8ac8e0eb16059b,
t,in,calcutta,Calcutta,28,4631819,22.569722,88.369722,67f41680ecf311e49b05c8e0eb16059b,
,in,chandigarh,Chandigarh,5,914374,30.7343,76.7933,67f417a1ecf311e4bcdec8e0eb16059b,
,in,dehra dun,Dehra Dun,39,522135,30.316667,78.033333,67f418d7ecf311e493c4c8e0eb16059b,
t,in,delhi,Delhi,7,10928270,28.666667,77.216667,67f419c7ecf311e4839dc8e0eb16059b,
,in,durgapur,Durgapur,28,518922,23.483333,87.316667,67f41aebecf311e48acfc8e0eb16059b,
,in,faridabad,Faridabad,10,1280909,28.433333,77.316667,67f41c17ecf311e4abd7c8e0eb16059b,
,in,ghaziabad,Ghaziabad,36,1199306,28.666667,77.433333,67f41d0fecf311e4b3e6c8e0eb16059b,
,in,gorakhpur,Gorakhpur,36,674312,26.755,83.373889,67f41e33ecf311e48dcdc8e0eb16059b,
,in,guntur,Guntur,2,530636,16.3,80.45,67f41f87ecf311e4b97dc8e0eb16059b,
,in,guwahati,Guwahati,3,899132,26.183333,91.733333,67f42075ecf311e4bca1c8e0eb16059b,
,in,gwalior,Gwalior,35,882551,26.223611,78.179167,67f421a1ecf311e4adb2c8e0eb16059b,
,in,haora,Haora,28,1027771,22.589167,88.310278,67f422cfecf311e4a58ec8e0eb16059b,
,in,hubli,Hubli,19,840285,15.35,75.166667,67f423faecf311e48a2fc8e0eb16059b,
t,in,hyderabad,Hyderabad,2,3598199,17.375278,78.474444,67f42580ecf311e4aa92c8e0eb16059b,
t,in,indore,Indore,35,1837230,22.716667,75.833333,67f426abecf311e48e98c8e0eb16059b,
,in,jabalpur,Jabalpur,35,1030276,23.166667,79.95,67f427cfecf311e49651c8e0eb16059b,
t,in,jaipur,Jaipur,24,2711937,26.916667,75.816667,67f428bdecf311e49338c8e0eb16059b,
,in,jalandhar,Jalandhar,23,785234,31.325556,75.579167,67f429deecf311e48668c8e0eb16059b,
,in,jamshedpur,Jamshedpur,38,616404,22.8,86.183333,67f42b02ecf311e48fb0c8e0eb16059b,
,in,jodhpur,Jodhpur,24,921540,26.286667,73.03,67f42be6ecf311e4a92cc8e0eb16059b,
,in,kalyan,Kalyan,16,1262355,19.25,73.15,67f42d0aecf311e48461c8e0eb16059b,
t,in,kanpur,Kanpur,36,2823523,26.466667,80.35,67f42e2becf311e49cc9c8e0eb16059b,
,in,kochi,Kochi,13,604751,9.966667,76.233333,67f42f1cecf311e4bd6ec8e0eb16059b,
,in,kolhapur,Kolhapur,16,516184,16.7,74.216667,67f4303decf311e4b8c7c8e0eb16059b,
,in,kota,Kota,24,763141,25.183333,75.833333,67f4315eecf311e48c65c8e0eb16059b,
t,in,lakhnau,Lakhnau,36,2472250,26.85,80.916667,67f43245ecf311e481fbc8e0eb16059b,
,in,ludhiana,Ludhiana,23,1545476,30.9,75.85,67f433caecf311e49aa2c8e0eb16059b,
t,in,madras,Madras,25,4328416,13.083333,80.283333,67f43500ecf311e4bc64c8e0eb16059b,
,in,madurai,Madurai,25,909988,9.933333,78.116667,67f435e8ecf311e4833bc8e0eb16059b,
,in,maisuru,Maisuru,19,868385,12.307222,76.649722,67f43730ecf311e48947c8e0eb16059b,
,in,moradabad,Moradabad,36,721210,28.833333,78.783333,67f4385eecf311e48d73c8e0eb16059b,
t,in,nagpur,Nagpur,16,2228191,21.15,79.1,67f43945ecf311e4b5f5c8e0eb16059b,
t,in,new delhi,New Delhi,7,10928270,28.6,77.2,67f43a66ecf311e49550c8e0eb16059b,
,in,patna,Patna,34,1600085,25.6,85.116667,67f43b91ecf311e492c8c8e0eb16059b,
,in,pimpri,Pimpri,16,1284702,18.616667,73.8,67f43c78ecf311e4a82ec8e0eb16059b,
t,in,pune,Pune,16,2935968,18.533333,73.866667,67f43d99ecf311e4baccc8e0eb16059b,
,in,raipur,Raipur,37,680066,21.233333,81.633333,67f43ebdecf311e4a85fc8e0eb16059b,
,in,rajkot,Rajkot,9,1177434,22.3,70.783333,67f43faeecf311e498bdc8e0eb16059b,
,in,ranchi,Ranchi,38,945079,23.35,85.333333,67f440ccecf311e48591c8e0eb16059b,
,in,selam,Selam,25,778462,11.65,78.166667,67f441b5ecf311e4a8a6c8e0eb16059b,
,in,shiliguri,Shiliguri,28,515623,26.716111,88.423611,67f442deecf311e481ebc8e0eb16059b,
,in,sholapur,Sholapur,16,997358,17.683333,75.916667,67f44402ecf311e4903cc8e0eb16059b,
,in,srinagar,Srinagar,12,975926,34.092222,74.802222,67f44523ecf311e4ae9dc8e0eb16059b,
t,in,surat,Surat,9,2894675,20.966667,72.9,67f4460aecf311e4955dc8e0eb16059b,
,in,thana,Thana,16,1486453,19.2,72.966667,67f4472becf311e4b9ccc8e0eb16059b,
,in,thiruvananthapuram,Thiruvananthapuram,13,784223,8.506944,76.956944,67f44859ecf311e498b7c8e0eb16059b,
,in,tiruchchirappalli,Tiruchchirappalli,25,775551,10.805,78.685556,67f44978ecf311e4b0b0c8e0eb16059b,
,in,ulhasnagar,Ulhasnagar,16,516625,19.216667,73.15,67f44aa6ecf311e48cc5c8e0eb16059b,
,in,vadodara,Vadodara,9,1409565,22.3,73.2,67f44b8cecf311e49613c8e0eb16059b,
,in,varanasi,Varanasi,36,1164520,25.333333,83,67f44d3aecf311e4b328c8e0eb16059b,
,in,vijayawada,Vijayawada,2,874684,16.516667,80.616667,67f44e70ecf311e4a139c8e0eb16059b,
,in,visakhapatnam,Visakhapatnam,2,1063293,17.7,83.3,67f44f61ecf311e4940fc8e0eb16059b,
,in,warangal,Warangal,2,557864,18,79.583333,67f450e6ecf311e485c0c8e0eb16059b,
t,iq,baghdad,Baghdad,7,5672516,33.3386111,44.3938889,67f45211ecf311e48371c8e0eb16059b,
,iq,irbil,Irbil,11,932854,36.19,44.0088889,67f45302ecf311e48c7ac8e0eb16059b,
,iq,kirkuk,Kirkuk,13,601442,35.4680556,44.3922222,67f45423ecf311e4b11ec8e0eb16059b,
,ir,ahvaz,Ahvaz,15,854980,31.3203,48.6693,67f45545ecf311e48d08c8e0eb16059b,
,ir,arak,Arak,34,503673,34.091741,49.689164,67f45635ecf311e49c56c8e0eb16059b,
,ir,esfahan,Esfahan,28,1547241,32.657218,51.677608,67f4574cecf311e48d54c8e0eb16059b,
,ir,hamadan,Hamadan,9,514134,34.799216,48.514556,67f4587aecf311e48303c8e0eb16059b,
,ir,karaj,Karaj,44,1448996,35.8355,51.0103,67f4595eecf311e4b2fec8e0eb16059b,
,ir,kerman,Kerman,29,577547,30.283209,57.07879,67f45a82ecf311e4b462c8e0eb16059b,
,ir,kermanshah,Kermanshah,13,766742,34.314167,47.065,67f45baeecf311e48563c8e0eb16059b,
t,ir,mashhad,Mashhad,42,2307254,36.297,59.6062,67f45c94ecf311e48777c8e0eb16059b,
,ir,orumiyeh,Orumiyeh,1,602443,37.5553,45.0724,67f45db5ecf311e48e44c8e0eb16059b,
,ir,qom,Qom,39,1011103,34.6401,50.8764,67f45ed9ecf311e4b729c8e0eb16059b,
,ir,rasht,Rasht,8,594619,37.280769,49.58319,67f45fc7ecf311e4b28fc8e0eb16059b,
,ir,shiraz,Shiraz,7,1249972,29.6036,52.5388,67f460ebecf311e48756c8e0eb16059b,
,ir,tabriz,Tabriz,33,1424701,38.08,46.2919,67f461cfecf311e4ad6bc8e0eb16059b,
,it,genoa,Genoa,8,585815,44.416667,8.95,67f462f3ecf311e48e96c8e0eb16059b,
t,it,milan,Milan,9,1156903,45.466667,9.2,67f46428ecf311e4935bc8e0eb16059b,
t,it,naples,Naples,4,981284,40.833333,14.25,67f46519ecf311e48f1dc8e0eb16059b,
,it,palermo,Palermo,15,669582,38.116667,13.366667,67f46638ecf311e48ce1c8e0eb16059b,
t,it,rome,Rome,7,2643736,41.9,12.483333,67f46728ecf311e48ceac8e0eb16059b,
,it,turin,Turin,12,846489,45.05,7.666667,67f4684cecf311e49df6c8e0eb16059b,
,jm,kingston,Kingston,8,583999,18,-76.8,67f4696eecf311e4ba52c8e0eb16059b,
,jp,funabashi,Funabashi,4,560754,35.693056,139.983333,67f46a54ecf311e4b88ec8e0eb16059b,
,jp,hachioji,Hachioji,40,579402,35.655833,139.323889,67f46bd9ecf311e48012c8e0eb16059b,
,jp,hamamatsu,Hamamatsu,37,605105,34.7,137.733333,67f46d0fecf311e48668c8e0eb16059b,
,jp,hiroshima,Hiroshima,11,1143850,34.434844,132.740622,67f46e33ecf311e499f0c8e0eb16059b,
t,jp,kawasaki,Kawasaki,19,1306804,35.520556,139.717222,67f46f23ecf311e494dbc8e0eb16059b,
,jp,kitakyushu,Kitakyushu,7,997545,33.833333,130.833333,67f47042ecf311e4b9e2c8e0eb16059b,
t,jp,kobe,Kobe,13,1528487,34.691304,135.182995,67f4715cecf311e484dcc8e0eb16059b,
t,jp,nagoya,Nagoya,1,2191291,35.180198,136.906739,67f4727decf311e4ac1bc8e0eb16059b,
,jp,niigata,Niigata,29,505276,37.902222,139.023611,67f47363ecf311e4af4bc8e0eb16059b,
,jp,sagamihara,Sagamihara,19,648811,35.553056,139.354444,67f47491ecf311e49876c8e0eb16059b,
t,jp,saitama,Saitama,34,1077730,35.895534,139.67747,67f475b0ecf311e48a78c8e0eb16059b,
,jp,sakai,Sakai,32,782347,34.583333,135.466667,67f476d4ecf311e481bdc8e0eb16059b,
t,jp,tokyo,Tokyo,40,31480498,35.685,139.751389,67f477b8ecf311e49025c8e0eb16059b,
,ke,mombasa,Mombasa,2,799727,-4.05,39.6666667,67f478dcecf311e48c1dc8e0eb16059b,
t,ke,nairobi,Nairobi,5,2750561,-1.2833333,36.8166667,67f47a00ecf311e48c15c8e0eb16059b,
t,kh,phnum penh,Phnum Pénh,11,1573523,11.55,104.9166667,67f47aeeecf311e4ae2ac8e0eb16059b,
t,kr,seoul,Seoul,11,10323448,37.5985,126.9783,67f47c2eecf311e49453c8e0eb16059b,
t,kz,almaty,Almaty,2,1204820,43.25,76.95,67f47d59ecf311e4988fc8e0eb16059b,
,lb,bayrut,Bayrut,4,1252010,33.8719444,35.5097222,67f47e40ecf311e493f7c8e0eb16059b,
t,lb,beirut,Beirut,4,1252010,33.8719444,35.5097222,67f47f61ecf311e4a6a5c8e0eb16059b,
t,lk,colombo,Colombo,36,648119,6.9319444,79.8477778,67f48082ecf311e4b982c8e0eb16059b,
t,lr,monrovia,Monrovia,14,935427,6.3105556,-10.8047222,67f481a6ecf311e4b0d5c8e0eb16059b,
t,lt,vilnius,Vilnius,65,542381,54.6833333,25.3166667,67f4828cecf311e4aee9c8e0eb16059b,
t,lv,riga,Riga,25,742570,56.95,24.1,67f483b8ecf311e4b089c8e0eb16059b,
,ly,benghazi,Benghazi,54,650629,32.1166667,20.0666667,67f484d9ecf311e4a2c1c8e0eb16059b,
t,ly,tripoli,Tripoli,61,1150990,32.8925,13.18,67f485c0ecf311e4a48ec8e0eb16059b,
,ma,agadir,Agadir,55,656110,30.420664,-9.593161,67f486e3ecf311e4844fc8e0eb16059b,
t,ma,casablanca,Casablanca,45,3609698,33.592779,-7.619157,67f48802ecf311e48181c8e0eb16059b,
t,ma,fez,Fez,46,1160239,34.037151,-4.999797,67f488f3ecf311e4acebc8e0eb16059b,
,ma,marrakesh,Marrakesh,47,942631,31.631485,-8.008281,67f48a17ecf311e4b838c8e0eb16059b,
t,ma,rabat,Rabat,49,1894386,34.013784,-6.844268,67f48b38ecf311e4a3cbc8e0eb16059b,
,ma,tangier,Tangier,57,825316,35.780576,-5.813646,67f48c59ecf311e48b82c8e0eb16059b,
t,md,chisinau,Chisinau,57,713805,47.005556,28.8575,67f48d40ecf311e4bf33c8e0eb16059b,
t,mg,antananarivo,Antananarivo,5,1391506,-18.9166667,47.5166667,67f48e61ecf311e498dfc8e0eb16059b,
t,ml,bamako,Bamako,1,1297390,12.65,-8,67f48f85ecf311e49ffec8e0eb16059b,
,mm,mandalay,Mandalay,8,1208227,22,96.0833333,67f49073ecf311e4b51ec8e0eb16059b,
t,mm,rangoon,Rangoon,17,4477782,16.7833333,96.1666667,67f491b5ecf311e49145c8e0eb16059b,
t,mn,ulaanbaatar,Ulaanbaatar,20,844786,47.9166667,106.9166667,67f492deecf311e4b892c8e0eb16059b,
t,mr,nouakchott,Nouakchott,6,709835,18.0863889,-15.9752778,67f4940aecf311e4923cc8e0eb16059b,
,mw,blantyre,Blantyre,24,584870,-15.7833333,35,67f4952eecf311e49811c8e0eb16059b,
t,mw,lilongwe,Lilongwe,11,646738,-13.9833333,33.7833333,67f49614ecf311e4ac94c8e0eb16059b,
t,mx,acapulco,Acapulco,12,652160,16.85,-99.916667,67f49735ecf311e494e4c8e0eb16059b,
,mx,aguascalientes,Aguascalientes,1,658193,21.883333,-102.3,67f49859ecf311e4af0fc8e0eb16059b,
t,mx,cancun,Cancún,23,542156,21.166667,-86.833333,67f49978ecf311e490d4c8e0eb16059b,
t,mx,chihuahua,Chihuahua,6,708292,28.633333,-106.083333,67f49a61ecf311e4bb6bc8e0eb16059b,
,mx,chimalhuacan,Chimalhuacán,15,590165,19.416667,-98.9,67f49b80ecf311e49bbfc8e0eb16059b,
,mx,culiacan,Culiacán,25,582489,24.799444,-107.389722,67f49ca3ecf311e4af9fc8e0eb16059b,
t,mx,ecatepec,Ecatepec,15,1806297,19.601111,-99.0525,67f49dc7ecf311e4af71c8e0eb16059b,
t,mx,guadalajara,Guadalajara,14,1640649,20.666667,-103.333333,67f49ee6ecf311e4b9eac8e0eb16059b,
,mx,guadalupe,Guadalupe,19,724949,25.683333,-100.25,67f4a03decf311e4a519c8e0eb16059b,
,mx,hermosillo,Hermosillo,26,595833,29.066667,-110.966667,67f4a173ecf311e4ae25c8e0eb16059b,
t,mx,juarez,Juarez,15,1403025,31.733333,-106.483333,67f4a294ecf311e482f1c8e0eb16059b,
,mx,leon,León,11,1114662,21.116667,-101.666667,67f4a3c0ecf311e4ab18c8e0eb16059b,
,mx,lopez mateos,López Mateos,15,521056,19.558333,-99.261389,67f4a4a6ecf311e4b177c8e0eb16059b,
,mx,merida,Mérida,31,717196,20.966667,-89.616667,67f4a5e6ecf311e4910fc8e0eb16059b,
,mx,mexicali,Mexicali,2,597124,32.651944,-115.468333,67f4a761ecf311e4bda5c8e0eb16059b,
t,mx,mexico,Mexico,9,8720916,19.434167,-99.138611,67f4a8a3ecf311e49526c8e0eb16059b,
,mx,monterrey,Monterrey,19,1122912,25.666667,-100.316667,67f4a9f5ecf311e4a900c8e0eb16059b,
,mx,morelia,Morelia,16,592820,19.7,-101.116667,67f4ab19ecf311e4ad45c8e0eb16059b,
,mx,naucalpan,Naucalpan,15,846222,19.479444,-99.238333,67f4ac38ecf311e48d2dc8e0eb16059b,
,mx,nezahualcoyotl,Nezahualcóyotl,15,1232565,19.413611,-99.033056,67f4ad66ecf311e48ef3c8e0eb16059b,
t,mx,puebla,Puebla,21,1392137,19.05,-98.2,67f4ae4cecf311e4afb6c8e0eb16059b,
,mx,queretaro,Querétaro,22,611803,20.6,-100.383333,67f4af6eecf311e486adc8e0eb16059b,
,mx,saltillo,Saltillo,7,621270,25.416667,-101,67f4b099ecf311e4b70fc8e0eb16059b,
,mx,san luis potosi,San Luis Potosí,24,677726,22.15,-100.983333,67f4b1bdecf311e4be64c8e0eb16059b,
,mx,san nicolas de los garza,San Nicolás de los Garza,19,507837,25.75,-100.3,67f4b2deecf311e496abc8e0eb16059b,
t,mx,tijuana,Tijuana,2,1376494,32.533333,-117.016667,67f4b40aecf311e4b0f2c8e0eb16059b,
,mx,tlalnepantla,Tlalnepantla,15,715798,19.526944,-99.221667,67f4b4faecf311e496aac8e0eb16059b,
,mx,toluca,Toluca,15,505903,19.288333,-99.667222,67f4b61cecf311e48228c8e0eb16059b,
,mx,torreon,Torreón,7,524084,25.55,-103.433333,67f4b73decf311e4bbd1c8e0eb16059b,
,mx,veracruz,Veracruz,30,568336,19.2,-96.133333,67f4b82eecf311e4bfe9c8e0eb16059b,
,mx,zapopan,Zapopan,14,987555,20.716667,-103.4,67f4b951ecf311e4ae15c8e0eb16059b,
,my,ipoh,Ipoh,7,673346,4.5841,101.0829,67f4ba87ecf311e48a60c8e0eb16059b,
,my,johor bahru,Johor Bahru,1,802525,1.4655,103.7578,67f4bb75ecf311e481e1c8e0eb16059b,
,my,klang,Klang,12,879887,3.033333,101.45,67f4bc8fecf311e4a3b0c8e0eb16059b,
t,my,kuala lumpur,Kuala Lumpur,14,1453978,3.166667,101.7,67f4bdbaecf311e4b1dec8e0eb16059b,
,my,kuching,Kuching,11,570579,1.55,110.333333,67f4be9eecf311e49d73c8e0eb16059b,
,my,petaling jaya,Petaling Jaya,12,520712,3.083333,101.65,67f4bffdecf311e48787c8e0eb16059b,
,mz,beira,Beira,5,530706,-19.8436111,34.8388889,67f4c12becf311e4bb54c8e0eb16059b,
t,mz,maputo,Maputo,4,1191613,-25.9652778,32.5891667,67f4c254ecf311e4a440c8e0eb16059b,
,mz,matola,Matola,4,543907,-25.9622222,32.4588889,67f4c33aecf311e48e61c8e0eb16059b,
,ne,niamey,Niamey,5,774245,13.6666667,1.7833333,67f4c45eecf311e4b80fc8e0eb16059b,
t,ne,niamey,Niamey,8,774245,13.5166667,2.1166667,67f4c580ecf311e49119c8e0eb16059b,
,ng,aba,Aba,45,897613,5.106576,7.366667,67f4c670ecf311e48557c8e0eb16059b,
,ng,abeokuta,Abeokuta,16,593140,7.15,3.35,67f4c791ecf311e49c1bc8e0eb16059b,
,ng,benin,Bénin,37,1125126,6.335045,5.627492,67f4c8b3ecf311e49056c8e0eb16059b,
,ng,enugu,Enugu,47,653436,6.4402,7.4943,67f4c9a3ecf311e48a3ac8e0eb16059b,
t,ng,ibadan,Ibadan,32,3565810,7.387778,3.896389,67f4cac5ecf311e49f4fc8e0eb16059b,
,ng,ilorin,Ilorin,30,814246,8.5,4.55,67f4cbabecf311e49372c8e0eb16059b,
,ng,jos,Jos,49,816876,9.916667,8.9,67f4ccd9ecf311e48a4ec8e0eb16059b,
,ng,kaduna,Kaduna,23,1582211,10.522239,7.43828,67f4cdf8ecf311e4b3cdc8e0eb16059b,
t,ng,kano,Kano,29,3626204,11.994354,8.513807,67f4cee1ecf311e495d7c8e0eb16059b,
t,ng,lagos,Lagos,5,8789133,6.453056,3.395833,67f4d000ecf311e4b91dc8e0eb16059b,
,ng,maiduguri,Maiduguri,27,1112511,11.846441,13.160274,67f4d123ecf311e49aa0c8e0eb16059b,
,ng,ogbomosho,Ogbomosho,32,861303,8.133333,4.266667,67f4d214ecf311e48f30c8e0eb16059b,
,ng,onitsha,Onitsha,25,561106,6.14543,6.788452,67f4d354ecf311e4899ec8e0eb16059b,
,ng,oyo,Oyo,32,736113,7.85,3.933333,67f4d480ecf311e49869c8e0eb16059b,
,ng,port harcourt,Port Harcourt,50,1148753,4.777423,7.013404,67f4d5caecf311e4901ec8e0eb16059b,
,ng,sokoto,Sokoto,51,563899,13.048025,5.214285,67f4d6f5ecf311e4adedc8e0eb16059b,
,ng,warri,Warri,10,536068,5.516667,5.75,67f4d821ecf311e49f1fc8e0eb16059b,
,ng,zaria,Zaria,23,975228,11.113236,7.725176,67f4d907ecf311e4878cc8e0eb16059b,
t,ni,managua,Managua,10,1140499,12.1508333,-86.2683333,67f4da33ecf311e48659c8e0eb16059b,
t,nl,amsterdam,Amsterdam,7,745811,52.35,4.916667,67f4db57ecf311e4a865c8e0eb16059b,
,nl,rotterdam,Rotterdam,11,603851,51.916667,4.5,67f4dc3aecf311e48fdbc8e0eb16059b,
t,no,oslo,Oslo,12,808690,59.916667,10.75,67f4dd5eecf311e48b0bc8e0eb16059b,
t,np,kathmandu,Kathmandu,0,790612,27.7166667,85.3166667,67f4de8aecf311e483c4c8e0eb16059b,
,pe,arequipa,Arequipa,4,844000,-16.3988889,-71.535,67f4dfabecf311e498a9c8e0eb16059b,
,pe,chiclayo,Chiclayo,14,582597,-6.7736111,-79.8416667,67f4e09cecf311e49981c8e0eb16059b,
t,pe,lima,Lima,15,7646786,-12.05,-77.05,67f4e1b5ecf311e48a4bc8e0eb16059b,
,pe,trujillo,Trujillo,13,750004,-8.1166667,-79.0333333,67f4e2deecf311e4820dc8e0eb16059b,
,ph,antipolo,Antipolo,H5,549541,14.5886,121.1757,67f4e3c7ecf311e49fc4c8e0eb16059b,
t,ph,cebu,Cebu,B7,758597,10.311111,123.891667,67f4e4dcecf311e4a998c8e0eb16059b,
t,ph,davao,Davao,C3,1212285,7.073056,125.612778,67f4e60aecf311e49cfbc8e0eb16059b,
,ph,makati,Makati,D9,510383,14.566667,121.033333,67f4e6f0ecf311e4a73ac8e0eb16059b,
t,ph,manila,Manila,D9,10443877,14.6042,120.9822,67f4e811ecf311e4b43ec8e0eb16059b,
,pk,bahawalpur,Bahawalpur,4,552765,29.4,71.683333,67f4e951ecf311e4b280c8e0eb16059b,
t,pk,faisalabad,Faisalabad,4,2507302,31.416667,73.083333,67f4ea7decf311e485d2c8e0eb16059b,
,pk,gujranwala,Gujranwala,4,1384869,32.161667,74.188309,67f4eb6eecf311e4816cc8e0eb16059b,
,pk,hyderabad,Hyderabad,5,1386840,25.39242,68.373656,67f4ec91ecf311e4b134c8e0eb16059b,
,pk,islamabad,Islamabad,8,756105,33.69,73.0551,67f4edb0ecf311e49eb9c8e0eb16059b,
t,pk,karachi,Karachi,5,11627378,24.9056,67.0822,67f4ee99ecf311e4af00c8e0eb16059b,
t,pk,lahore,Lahore,4,6312576,31.549722,74.343611,67f4efb8ecf311e4a924c8e0eb16059b,
,pk,multan,Multan,4,1437644,30.195556,71.475278,67f4f0dcecf311e48e8ec8e0eb16059b,
,pk,peshawar,Peshawar,3,1219248,34.008,71.578488,67f4f200ecf311e4b2bec8e0eb16059b,
,pk,quetta,Quetta,2,733970,30.199004,67.009708,67f4f2e3ecf311e487f2c8e0eb16059b,
t,pk,rawalpindi,Rawalpindi,4,1743599,33.6007,73.0679,67f4f407ecf311e4916bc8e0eb16059b,
,pk,sargodha,Sargodha,4,542761,32.083611,72.671111,67f4f526ecf311e4b021c8e0eb16059b,
,pl,cracow,Cracow,77,755050,50.083333,19.916667,67f4f617ecf311e4b26ac8e0eb16059b,
,pl,poznan,Poznan,86,570352,52.416667,16.966667,67f4f72eecf311e49798c8e0eb16059b,
t,pl,warsaw,Warsaw,78,1651676,52.25,21,67f4f851ecf311e4a343c8e0eb16059b,
,pl,wroclaw,Wroclaw,72,634893,51.1,17.033333,67f4f942ecf311e4938ac8e0eb16059b,
t,pt,lisbon,Lisbon,14,517798,38.716667,-9.133333,67f4fa63ecf311e4a018c8e0eb16059b,
t,py,asuncion,Asunción,6,508797,-25.266667,-57.666667,67f4fb85ecf311e49d43c8e0eb16059b,
t,ro,bucharest,Bucharest,10,1877155,44.433333,26.1,67f4fc6becf311e4ac33c8e0eb16059b,
t,rs,belgrade,Belgrade,2,1115200,44.818611,20.468056,67f4fd8cecf311e4b4d4c8e0eb16059b,
,ru,astrakhan,Astrakhan,7,502537,46.349683,48.040756,67f4ff3aecf311e48852c8e0eb16059b,
,ru,barnaul,Barnaul,4,599586,53.360556,83.763611,67f50066ecf311e480aec8e0eb16059b,
,ru,chelyabinsk,Chelyabinsk,13,1062931,55.154444,61.429722,67f50161ecf311e4b139c8e0eb16059b,
,ru,irkutsk,Irkutsk,20,586702,52.297778,104.296389,67f5028fecf311e4b9cac8e0eb16059b,
,ru,izhevsk,Izhevsk,80,631044,56.849756,53.204479,67f5041eecf311e48842c8e0eb16059b,
,ru,kazan,Kazan,73,1104750,55.78874,49.122144,67f50540ecf311e4b6d0c8e0eb16059b,
,ru,khabarovsk,Khabarovsk,30,578307,48.480833,135.092778,67f50626ecf311e49d69c8e0eb16059b,
,ru,krasnodar,Krasnodar,38,649860,45.0488,38.9725,67f50747ecf311e48f53c8e0eb16059b,
,ru,krasnoyarsk,Krasnoyarsk,39,907460,56.0091,92.8628,67f50873ecf311e48cd2c8e0eb16059b,
,ru,lipetsk,Lipetsk,43,515659,52.603111,39.570762,67f5098cecf311e48ecdc8e0eb16059b,
t,ru,moscow,Moscow,48,10381288,55.752222,37.615556,67f50a70ecf311e48090c8e0eb16059b,
,ru,nizhniy novgorod,Nizhniy Novgorod,51,1284176,56.326944,44.0075,67f50bf8ecf311e4b189c8e0eb16059b,
,ru,novokuznetsk,Novokuznetsk,29,539622,53.7557,87.1099,67f50d23ecf311e4b1f7c8e0eb16059b,
t,ru,novosibirsk,Novosibirsk,53,1419016,55.0415,82.9346,67f50e4fecf311e4acc4c8e0eb16059b,
,ru,omsk,Omsk,54,1129289,55,73.4,67f50f35ecf311e4999ac8e0eb16059b,
,ru,penza,Penza,57,512607,53.200656,45.004643,67f51057ecf311e49712c8e0eb16059b,
,ru,perm,Perm,90,982428,58.009282,56.284063,67f51182ecf311e4950dc8e0eb16059b,
,ru,rostov-na-donu,Rostov-na-Donu,61,1074495,47.23135,39.723284,67f51273ecf311e48417c8e0eb16059b,
,ru,ryazan,Ryazan,62,520177,54.6269,39.6916,67f51397ecf311e4aa72c8e0eb16059b,
t,ru,saint petersburg,Saint Petersburg,66,4039751,59.894444,30.264167,67f514ccecf311e48d8fc8e0eb16059b,
,ru,samara,Samara,65,1134742,53.1835,50.1182,67f515f5ecf311e4b950c8e0eb16059b,
,ru,saratov,Saratov,67,863734,51.540556,46.008611,67f516e6ecf311e4855fc8e0eb16059b,
,ru,tolyatti,Tolyatti,65,718495,53.5303,49.3461,67f5180aecf311e4a1f2c8e0eb16059b,
,ru,tyumen,Tyumen,78,519124,57.152222,65.527222,67f51921ecf311e4871bc8e0eb16059b,
,ru,ufa,Ufa,8,1033350,54.785167,56.045621,67f51a11ecf311e49fc7c8e0eb16059b,
,ru,ulyanovsk,Ulyanovsk,81,640685,54.328241,48.38657,67f51b35ecf311e49367c8e0eb16059b,
,ru,vladivostok,Vladivostok,59,587029,43.128056,131.901111,67f51c54ecf311e4afbac8e0eb16059b,
,ru,volgograd,Volgograd,84,1010331,48.71939,44.501835,67f51d78ecf311e4ae83c8e0eb16059b,
,ru,voronezh,Voronezh,86,840590,51.672035,39.184301,67f51e66ecf311e4ab40c8e0eb16059b,
,ru,yaroslavl,Yaroslavl,88,606735,57.61977,39.85536,67f51f80ecf311e48fdec8e0eb16059b,
,ru,yekaterinburg,Yekaterinburg,71,1287586,56.8519,60.6122,67f520abecf311e4b4f6c8e0eb16059b,
t,rw,kigali,Kigali,9,745526,-1.9536111,30.0605556,67f521ccecf311e481e8c8e0eb16059b,
t,sa,jiddah,Jiddah,14,2545728,21.516944,39.219167,67f522bdecf311e4be89c8e0eb16059b,
,sa,mecca,Mecca,14,1199659,21.426667,39.826111,67f523d4ecf311e4b22bc8e0eb16059b,
t,sa,riyadh,Riyadh,10,3469290,24.653664,46.71522,67f524f8ecf311e48bd7c8e0eb16059b,
,sd,khartoum,Khartoum,29,1974780,15.5880556,32.5341667,67f52619ecf311e48e83c8e0eb16059b,
t,sd,umm durman,Umm Durman,29,2810328,15.6361111,32.4372222,67f5270aecf311e4a8fcc8e0eb16059b,
,se,goteborg,Göteborg,28,515253,57.716667,11.966667,67f528b8ecf311e493ebc8e0eb16059b,
t,se,stockholm,Stockholm,26,1253309,59.333333,18.05,67f52a17ecf311e4aaaac8e0eb16059b,
t,sg,singapore,Singapore,0,3547809,1.2930556,103.8558333,67f52b40ecf311e48697c8e0eb16059b,
t,sl,freetown,Freetown,4,1190761,8.49,-13.2341667,67f52c97ecf311e4a615c8e0eb16059b,
t,sn,dakar,Dakar,1,2702820,14.6708333,-17.4380556,67f52dc2ecf311e4b81fc8e0eb16059b,
t,so,mogadishu,Mogadishu,2,2590180,2.0666667,45.3666667,67f52ee3ecf311e4b26cc8e0eb16059b,
t,sv,san salvador,San Salvador,10,526013,13.7086111,-89.2030556,67f53005ecf311e48e01c8e0eb16059b,
,sy,aleppo,Aleppo,9,2139878,36.2027778,37.1586111,67f530f5ecf311e49d7ec8e0eb16059b,
t,sy,damascus,Damascus,13,1576843,33.5,36.3,67f5320cecf311e4a477c8e0eb16059b,
t,th,bangkok,Bangkok,40,5104475,13.753979,100.501444,67f53330ecf311e4923ec8e0eb16059b,
t,tj,dushanbe,Dushanbe,2,543105,38.56,68.7738889,67f5345cecf311e49245c8e0eb16059b,
t,tm,asgabat,Asgabat,1,797900,37.95,58.3833333,67f53542ecf311e480d8c8e0eb16059b,
t,tn,tunis,Tunis,36,692816,36.806112,10.171078,67f53663ecf311e488b3c8e0eb16059b,
,tr,adana,Adana,81,1249680,37.001667,35.328889,67f53791ecf311e490a6c8e0eb16059b,
t,tr,ankara,Ankara,68,3519177,39.911652,32.840305,67f53875ecf311e4a61cc8e0eb16059b,
,tr,antalya,Antalya,7,758603,36.908118,30.695565,67f53999ecf311e4ae1bc8e0eb16059b,
,tr,bursa,Bursa,16,1413485,40.191667,29.061111,67f53ab8ecf311e4bbcdc8e0eb16059b,
,tr,eskisehir,Eskisehir,26,515155,39.776667,30.520556,67f53ba8ecf311e4bf72c8e0eb16059b,
,tr,gaziantep,Gaziantep,83,1066561,37.059444,37.3825,67f53cccecf311e4a33fc8e0eb16059b,
t,tr,istanbul,Istanbul,34,9797536,41.018611,28.964722,67f53deeecf311e49a19c8e0eb16059b,
t,tr,izmir,Izmir,35,2501895,38.412726,27.138376,67f53f07ecf311e4983ac8e0eb16059b,
,tr,kayseri,Kayseri,38,593164,38.732222,35.485278,67f53ff5ecf311e496c3c8e0eb16059b,
,tr,konya,Konya,71,876004,37.871354,32.484636,67f5419cecf311e4b6bbc8e0eb16059b,
,tr,mersin,Mersin,32,612540,36.732778,34.644167,67f542d1ecf311e487a3c8e0eb16059b,
t,tw,kaohsiung,Kaohsiung,2,1512832,22.6177778,120.3013889,67f543caecf311e4853dc8e0eb16059b,
,tw,kaohsiung,Kaohsiung,4,1512832,22.6333333,120.35,67f544ebecf311e49531c8e0eb16059b,
,tw,taichung,Taichung,4,1083582,24.1433333,120.6813889,67f54619ecf311e49578c8e0eb16059b,
,tw,tainan,Tainan,4,734314,22.9933333,120.2036111,67f54738ecf311e49ceac8e0eb16059b,
t,tw,taipei,Taipei,3,2514794,25.0391667,121.525,67f54828ecf311e4be89c8e0eb16059b,
t,tz,dar es salaam,Dar es Salaam,23,2698651,-6.8,39.2833333,67f5494cecf311e49ffac8e0eb16059b,
t,ua,kiev,Kiev,12,2514227,50.433333,30.516667,67f54a6eecf311e49220c8e0eb16059b,
,ua,kryvyy rih,Kryvyy Rih,4,652376,47.909659,33.380438,67f54b8fecf311e4bdc1c8e0eb16059b,
,ua,lvov,Lvov,15,830000,49.840661,24.030451,67f54c80ecf311e4b669c8e0eb16059b,
,ua,odesa,Odesa,17,1001553,46.463934,30.738551,67f54da1ecf311e48dbdc8e0eb16059b,
,ua,zaporizhzhya,Zaporizhzhya,26,796213,47.822892,35.190314,67f54ec5ecf311e4ae68c8e0eb16059b,
t,ug,kampala,Kampala,37,1353236,0.3155556,32.5655556,67f54fe6ecf311e486a8c8e0eb16059b,
t,uy,montevideo,Montevideo,10,1305865,-34.8580556,-56.1708333,67f550d4ecf311e498a0c8e0eb16059b,
t,uz,tashkent,Tashkent,13,1978078,41.3166667,69.25,67f551f8ecf311e49a89c8e0eb16059b,
,ve,barquisimeto,Barquisimeto,13,809564,10.0738889,-69.3227778,67f5531cecf311e4ae1ec8e0eb16059b,
t,ve,caracas,Caracas,25,1815681,10.5,-66.9166667,67f5543aecf311e4afa5c8e0eb16059b,
,ve,ciudad guayana,Ciudad Guayana,6,746606,8.3533333,-62.6527778,67f5557aecf311e4a41bc8e0eb16059b,
,ve,maracaibo,Maracaibo,23,1948269,10.6316667,-71.6405556,67f5566becf311e4a33dc8e0eb16059b,
,ve,valencia,Valencia,7,1385202,10.1805556,-68.0038889,67f5578fecf311e4b9adc8e0eb16059b,
,vn,hai phong,Hai Phong,13,602718,20.856111,106.682222,67f558aeecf311e4af4fc8e0eb16059b,
,vn,hanoi,Hanoi,44,1431377,21.033333,105.85,67f559d1ecf311e4ac83c8e0eb16059b,
t,vn,ha noi,Ha Noi,44,1431377,21.033333,105.85,67f55ab5ecf311e4bb79c8e0eb16059b,
t,vn,ho chi minh city,Ho Chi Minh City,20,3467426,10.75,106.666667,67f55bd9ecf311e4a6bec8e0eb16059b,
,ye,aden,Aden,2,550744,12.7794444,45.0366667,67f55d05ecf311e4a9a3c8e0eb16059b,
,za,benoni,Benoni,6,605363,-26.190851,28.311338,67f55e1cecf311e4a96fc8e0eb16059b,
t,za,cape town,Cape Town,11,3433504,-33.925839,18.423218,67f55f0cecf311e4acafc8e0eb16059b,
t,za,durban,Durban,2,3120340,-29.857896,31.029198,67f56030ecf311e4807ec8e0eb16059b,
t,za,johannesburg,Johannesburg,6,2026466,-26.205171,28.049815,67f56151ecf311e4bde4c8e0eb16059b,
,za,pietermaritzburg,Pietermaritzburg,2,750864,-29.616785,30.39278,67f56273ecf311e4b11bc8e0eb16059b,
,za,port elizabeth,Port Elizabeth,5,967722,-33.917988,25.570066,67f56397ecf311e4b10ec8e0eb16059b,
,za,pretoria,Pretoria,6,1619485,-25.706944,28.229444,67f564b8ecf311e483d7c8e0eb16059b,
,za,soweto,Soweto,6,1695094,-26.267812,27.858492,67f5659eecf311e4b045c8e0eb16059b,
,za,tembisa,Tembisa,6,511671,-25.996363,28.226802,67f566c0ecf311e4ae3ac8e0eb16059b,
t,zm,lusaka,Lusaka,9,1267458,-15.4166667,28.2833333,67f567e1ecf311e4a75dc8e0eb16059b,
,zw,bulawayo,Bulawayo,6,897249,-20.15,28.5833333,67f568c7ecf311e487d0c8e0eb16059b,
t,zw,harare,Harare,4,2213701,-17.8177778,31.0447222,67f56a6eecf311e48bdfc8e0eb16059b,